--
-- PostgreSQL database dump
--

-- Dumped from database version 12.22 (Ubuntu 12.22-0ubuntu0.20.04.4)
-- Dumped by pg_dump version 12.22 (Ubuntu 12.22-0ubuntu0.20.04.4)

SET statement_timeout = 0;
SET lock_timeout = 0;
SET idle_in_transaction_session_timeout = 0;
SET client_encoding = 'UTF8';
SET standard_conforming_strings = on;
SELECT pg_catalog.set_config('search_path', '', false);
SET check_function_bodies = false;
SET xmloption = content;
SET client_min_messages = warning;
SET row_security = off;

DROP DATABASE universe;
--
-- Name: universe; Type: DATABASE; Schema: -; Owner: freecodecamp
--

CREATE DATABASE universe WITH TEMPLATE = template0 ENCODING = 'UTF8' LC_COLLATE = 'C.UTF-8' LC_CTYPE = 'C.UTF-8';


ALTER DATABASE universe OWNER TO freecodecamp;

\connect universe

SET statement_timeout = 0;
SET lock_timeout = 0;
SET idle_in_transaction_session_timeout = 0;
SET client_encoding = 'UTF8';
SET standard_conforming_strings = on;
SELECT pg_catalog.set_config('search_path', '', false);
SET check_function_bodies = false;
SET xmloption = content;
SET client_min_messages = warning;
SET row_security = off;

SET default_tablespace = '';

SET default_table_access_method = heap;

--
-- Name: galaxy; Type: TABLE; Schema: public; Owner: freecodecamp
--

CREATE TABLE public.galaxy (
    galaxy_id integer NOT NULL,
    name character varying(30) NOT NULL,
    age_in_millions_years integer NOT NULL,
    has_life boolean,
    description text
);


ALTER TABLE public.galaxy OWNER TO freecodecamp;

--
-- Name: galaxy_galaxy_id_seq; Type: SEQUENCE; Schema: public; Owner: freecodecamp
--

CREATE SEQUENCE public.galaxy_galaxy_id_seq
    AS integer
    START WITH 1
    INCREMENT BY 1
    NO MINVALUE
    NO MAXVALUE
    CACHE 1;


ALTER TABLE public.galaxy_galaxy_id_seq OWNER TO freecodecamp;

--
-- Name: galaxy_galaxy_id_seq; Type: SEQUENCE OWNED BY; Schema: public; Owner: freecodecamp
--

ALTER SEQUENCE public.galaxy_galaxy_id_seq OWNED BY public.galaxy.galaxy_id;


--
-- Name: moon; Type: TABLE; Schema: public; Owner: freecodecamp
--

CREATE TABLE public.moon (
    moon_id integer NOT NULL,
    name character varying(30) NOT NULL,
    radius_in_km integer,
    is_tidally_locked boolean,
    planet_id integer NOT NULL
);


ALTER TABLE public.moon OWNER TO freecodecamp;

--
-- Name: moon_moon_id_seq; Type: SEQUENCE; Schema: public; Owner: freecodecamp
--

CREATE SEQUENCE public.moon_moon_id_seq
    AS integer
    START WITH 1
    INCREMENT BY 1
    NO MINVALUE
    NO MAXVALUE
    CACHE 1;


ALTER TABLE public.moon_moon_id_seq OWNER TO freecodecamp;

--
-- Name: moon_moon_id_seq; Type: SEQUENCE OWNED BY; Schema: public; Owner: freecodecamp
--

ALTER SEQUENCE public.moon_moon_id_seq OWNED BY public.moon.moon_id;


--
-- Name: planet; Type: TABLE; Schema: public; Owner: freecodecamp
--

CREATE TABLE public.planet (
    planet_id integer NOT NULL,
    name character varying(30) NOT NULL,
    distance_from_earth numeric,
    has_rings boolean,
    star_id integer NOT NULL
);


ALTER TABLE public.planet OWNER TO freecodecamp;

--
-- Name: planet_planet_id_seq; Type: SEQUENCE; Schema: public; Owner: freecodecamp
--

CREATE SEQUENCE public.planet_planet_id_seq
    AS integer
    START WITH 1
    INCREMENT BY 1
    NO MINVALUE
    NO MAXVALUE
    CACHE 1;


ALTER TABLE public.planet_planet_id_seq OWNER TO freecodecamp;

--
-- Name: planet_planet_id_seq; Type: SEQUENCE OWNED BY; Schema: public; Owner: freecodecamp
--

ALTER SEQUENCE public.planet_planet_id_seq OWNED BY public.planet.planet_id;


--
-- Name: planet_types; Type: TABLE; Schema: public; Owner: freecodecamp
--

CREATE TABLE public.planet_types (
    planet_types_id integer NOT NULL,
    name character varying(30) NOT NULL,
    description text
);


ALTER TABLE public.planet_types OWNER TO freecodecamp;

--
-- Name: planet_types_planet_types_id_seq; Type: SEQUENCE; Schema: public; Owner: freecodecamp
--

CREATE SEQUENCE public.planet_types_planet_types_id_seq
    AS integer
    START WITH 1
    INCREMENT BY 1
    NO MINVALUE
    NO MAXVALUE
    CACHE 1;


ALTER TABLE public.planet_types_planet_types_id_seq OWNER TO freecodecamp;

--
-- Name: planet_types_planet_types_id_seq; Type: SEQUENCE OWNED BY; Schema: public; Owner: freecodecamp
--

ALTER SEQUENCE public.planet_types_planet_types_id_seq OWNED BY public.planet_types.planet_types_id;


--
-- Name: star; Type: TABLE; Schema: public; Owner: freecodecamp
--

CREATE TABLE public.star (
    star_id integer NOT NULL,
    name character varying(30) NOT NULL,
    is_spherical boolean,
    temperature integer,
    galaxy_id integer NOT NULL
);


ALTER TABLE public.star OWNER TO freecodecamp;

--
-- Name: star_star_id_seq; Type: SEQUENCE; Schema: public; Owner: freecodecamp
--

CREATE SEQUENCE public.star_star_id_seq
    AS integer
    START WITH 1
    INCREMENT BY 1
    NO MINVALUE
    NO MAXVALUE
    CACHE 1;


ALTER TABLE public.star_star_id_seq OWNER TO freecodecamp;

--
-- Name: star_star_id_seq; Type: SEQUENCE OWNED BY; Schema: public; Owner: freecodecamp
--

ALTER SEQUENCE public.star_star_id_seq OWNED BY public.star.star_id;


--
-- Name: galaxy galaxy_id; Type: DEFAULT; Schema: public; Owner: freecodecamp
--

ALTER TABLE ONLY public.galaxy ALTER COLUMN galaxy_id SET DEFAULT nextval('public.galaxy_galaxy_id_seq'::regclass);


--
-- Name: moon moon_id; Type: DEFAULT; Schema: public; Owner: freecodecamp
--

ALTER TABLE ONLY public.moon ALTER COLUMN moon_id SET DEFAULT nextval('public.moon_moon_id_seq'::regclass);


--
-- Name: planet planet_id; Type: DEFAULT; Schema: public; Owner: freecodecamp
--

ALTER TABLE ONLY public.planet ALTER COLUMN planet_id SET DEFAULT nextval('public.planet_planet_id_seq'::regclass);


--
-- Name: planet_types planet_types_id; Type: DEFAULT; Schema: public; Owner: freecodecamp
--

ALTER TABLE ONLY public.planet_types ALTER COLUMN planet_types_id SET DEFAULT nextval('public.planet_types_planet_types_id_seq'::regclass);


--
-- Name: star star_id; Type: DEFAULT; Schema: public; Owner: freecodecamp
--

ALTER TABLE ONLY public.star ALTER COLUMN star_id SET DEFAULT nextval('public.star_star_id_seq'::regclass);


--
-- Data for Name: galaxy; Type: TABLE DATA; Schema: public; Owner: freecodecamp
--

INSERT INTO public.galaxy VALUES (1, 'Milky Way', 13600, true, 'Home sweet home');
INSERT INTO public.galaxy VALUES (2, 'Andromeda', 10000, false, 'The neighbor');
INSERT INTO public.galaxy VALUES (3, 'Sombrero', 9000, false, 'Cool hat shape');
INSERT INTO public.galaxy VALUES (4, 'Whirlpool', 6000, false, 'Spinning fast');
INSERT INTO public.galaxy VALUES (5, 'Black Eye', 8000, false, 'Evil looking');
INSERT INTO public.galaxy VALUES (6, 'Pinwheel', 7000, false, 'Big spiral');


--
-- Data for Name: moon; Type: TABLE DATA; Schema: public; Owner: freecodecamp
--

INSERT INTO public.moon VALUES (1, 'Moon', 1737, true, 1);
INSERT INTO public.moon VALUES (2, 'Phobos', 11, true, 2);
INSERT INTO public.moon VALUES (3, 'Deimos', 6, true, 2);
INSERT INTO public.moon VALUES (4, 'Io', 1821, true, 3);
INSERT INTO public.moon VALUES (5, 'Europa', 1560, true, 3);
INSERT INTO public.moon VALUES (6, 'Ganymede', 2634, true, 3);
INSERT INTO public.moon VALUES (7, 'Callisto', 2410, true, 3);
INSERT INTO public.moon VALUES (8, 'Titan', 2574, true, 5);
INSERT INTO public.moon VALUES (9, 'Enceladus', 252, true, 5);
INSERT INTO public.moon VALUES (10, 'Mimas', 198, true, 5);
INSERT INTO public.moon VALUES (11, 'Triton', 1353, true, 5);
INSERT INTO public.moon VALUES (12, 'Oberon', 761, true, 5);
INSERT INTO public.moon VALUES (13, 'Titania', 788, true, 5);
INSERT INTO public.moon VALUES (14, 'Umbriel', 584, true, 5);
INSERT INTO public.moon VALUES (15, 'Ariel', 578, true, 5);
INSERT INTO public.moon VALUES (16, 'Miranda', 235, true, 5);
INSERT INTO public.moon VALUES (17, 'Charon', 606, true, 5);
INSERT INTO public.moon VALUES (18, 'Nix', 23, true, 5);
INSERT INTO public.moon VALUES (19, 'Hydra', 55, true, 5);
INSERT INTO public.moon VALUES (20, 'Dysnomia', 350, true, 6);


--
-- Data for Name: planet; Type: TABLE DATA; Schema: public; Owner: freecodecamp
--

INSERT INTO public.planet VALUES (1, 'Earth', 0, false, 1);
INSERT INTO public.planet VALUES (2, 'Mars', 1.5, false, 1);
INSERT INTO public.planet VALUES (3, 'Jupiter', 5.2, true, 1);
INSERT INTO public.planet VALUES (4, 'Venus', 0.7, false, 1);
INSERT INTO public.planet VALUES (5, 'Saturn', 9.5, true, 1);
INSERT INTO public.planet VALUES (6, 'Mercury', 0.4, false, 1);
INSERT INTO public.planet VALUES (7, 'Proxima b', 4.2, false, 3);
INSERT INTO public.planet VALUES (8, 'Osiris', 150, false, 4);
INSERT INTO public.planet VALUES (9, 'Kepler-22b', 600, false, 5);
INSERT INTO public.planet VALUES (10, 'Gliese 581g', 20, false, 6);
INSERT INTO public.planet VALUES (11, 'Tatooine', 200, false, 2);
INSERT INTO public.planet VALUES (12, 'Hoth', 250, false, 2);


--
-- Data for Name: planet_types; Type: TABLE DATA; Schema: public; Owner: freecodecamp
--

INSERT INTO public.planet_types VALUES (1, 'Gas Giant', 'Mostly hydrogen and helium');
INSERT INTO public.planet_types VALUES (2, 'Terrestrial', 'Rock and metal');
INSERT INTO public.planet_types VALUES (3, 'Ice Giant', 'Mostly oxygen, carbon, nitrogen, and sulfur');


--
-- Data for Name: star; Type: TABLE DATA; Schema: public; Owner: freecodecamp
--

INSERT INTO public.star VALUES (1, 'Sun', true, 5778, 1);
INSERT INTO public.star VALUES (2, 'Sirius', true, 9940, 1);
INSERT INTO public.star VALUES (3, 'Alpha Centauri', true, 5790, 1);
INSERT INTO public.star VALUES (4, 'Rigel', true, 12100, 2);
INSERT INTO public.star VALUES (5, 'Betelgeuse', true, 3500, 2);
INSERT INTO public.star VALUES (6, 'Vega', true, 9600, 3);


--
-- Name: galaxy_galaxy_id_seq; Type: SEQUENCE SET; Schema: public; Owner: freecodecamp
--

SELECT pg_catalog.setval('public.galaxy_galaxy_id_seq', 6, true);


--
-- Name: moon_moon_id_seq; Type: SEQUENCE SET; Schema: public; Owner: freecodecamp
--

SELECT pg_catalog.setval('public.moon_moon_id_seq', 20, true);


--
-- Name: planet_planet_id_seq; Type: SEQUENCE SET; Schema: public; Owner: freecodecamp
--

SELECT pg_catalog.setval('public.planet_planet_id_seq', 12, true);


--
-- Name: planet_types_planet_types_id_seq; Type: SEQUENCE SET; Schema: public; Owner: freecodecamp
--

SELECT pg_catalog.setval('public.planet_types_planet_types_id_seq', 3, true);


--
-- Name: star_star_id_seq; Type: SEQUENCE SET; Schema: public; Owner: freecodecamp
--

SELECT pg_catalog.setval('public.star_star_id_seq', 6, true);


--
-- Name: galaxy galaxy_name_key; Type: CONSTRAINT; Schema: public; Owner: freecodecamp
--

ALTER TABLE ONLY public.galaxy
    ADD CONSTRAINT galaxy_name_key UNIQUE (name);


--
-- Name: galaxy galaxy_pkey; Type: CONSTRAINT; Schema: public; Owner: freecodecamp
--

ALTER TABLE ONLY public.galaxy
    ADD CONSTRAINT galaxy_pkey PRIMARY KEY (galaxy_id);


--
-- Name: moon moon_name_key; Type: CONSTRAINT; Schema: public; Owner: freecodecamp
--

ALTER TABLE ONLY public.moon
    ADD CONSTRAINT moon_name_key UNIQUE (name);


--
-- Name: moon moon_pkey; Type: CONSTRAINT; Schema: public; Owner: freecodecamp
--

ALTER TABLE ONLY public.moon
    ADD CONSTRAINT moon_pkey PRIMARY KEY (moon_id);


--
-- Name: planet planet_name_key; Type: CONSTRAINT; Schema: public; Owner: freecodecamp
--

ALTER TABLE ONLY public.planet
    ADD CONSTRAINT planet_name_key UNIQUE (name);


--
-- Name: planet planet_pkey; Type: CONSTRAINT; Schema: public; Owner: freecodecamp
--

ALTER TABLE ONLY public.planet
    ADD CONSTRAINT planet_pkey PRIMARY KEY (planet_id);


--
-- Name: planet_types planet_types_name_key; Type: CONSTRAINT; Schema: public; Owner: freecodecamp
--

ALTER TABLE ONLY public.planet_types
    ADD CONSTRAINT planet_types_name_key UNIQUE (name);


--
-- Name: planet_types planet_types_pkey; Type: CONSTRAINT; Schema: public; Owner: freecodecamp
--

ALTER TABLE ONLY public.planet_types
    ADD CONSTRAINT planet_types_pkey PRIMARY KEY (planet_types_id);


--
-- Name: star star_name_key; Type: CONSTRAINT; Schema: public; Owner: freecodecamp
--

ALTER TABLE ONLY public.star
    ADD CONSTRAINT star_name_key UNIQUE (name);


--
-- Name: star star_pkey; Type: CONSTRAINT; Schema: public; Owner: freecodecamp
--

ALTER TABLE ONLY public.star
    ADD CONSTRAINT star_pkey PRIMARY KEY (star_id);


--
-- Name: moon moon_planet_id_fkey; Type: FK CONSTRAINT; Schema: public; Owner: freecodecamp
--

ALTER TABLE ONLY public.moon
    ADD CONSTRAINT moon_planet_id_fkey FOREIGN KEY (planet_id) REFERENCES public.planet(planet_id);


--
-- Name: planet planet_star_id_fkey; Type: FK CONSTRAINT; Schema: public; Owner: freecodecamp
--

ALTER TABLE ONLY public.planet
    ADD CONSTRAINT planet_star_id_fkey FOREIGN KEY (star_id) REFERENCES public.star(star_id);


--
-- Name: star star_galaxy_id_fkey; Type: FK CONSTRAINT; Schema: public; Owner: freecodecamp
--

ALTER TABLE ONLY public.star
    ADD CONSTRAINT star_galaxy_id_fkey FOREIGN KEY (galaxy_id) REFERENCES public.galaxy(galaxy_id);


--
-- PostgreSQL database dump complete
--

